name,count
USA,5576
China,298
India,270
Morocco,147
Hong Kong,146
Taiwan, Province of China,129
Canada,124
Algeria,119
Japan,103
Germany,100
United Kingdom,94
Singapore,83
Italy,81
France,72
Brazil,65
Switzerland,59
Korea, Republic of,57
Spain,44
Netherlands,40
Sweden,25
Australia,24
Greece,22
Pakistan,22
Belgium,21
Hungary,18
Bangladesh,17
Mexico,17
Turkey,17
Colombia,16
Iran, Islamic Republic of,16
Saudi Arabia,14
Austria,12
Egypt,12
Portugal,12
Indonesia,11
Poland,11
Vietnam,11
Ecuador,10
Romania,10
Russia Federation,9
United Arab Emirates,8
Israel,8
Finland,7
Ireland,7
Syrian Arab Republic,7
Ukraine,7
Czechia,6
Ghana,6
Malaysia,6
Thailand,6
Tanzania, United Republic of,6
Argentina,5
New Zealand,5
Peru,5
Sudan,5
Cyprus,4
Croatia,4
Jordan,4
Sri Lanka,4
Myanmar,4
Norway,4
Rwanda,4
Bulgaria,3
Chile,3
Dominican Republic,3
Luxembourg,3
Philippines,3
Qatar,3
Tunisia,3
Ethiopia,2
Kenya,2
Cambodia,2
Kuwait,2
Macao,2
Mauritius,2
Nepal,2
Panama,2
Papua New Guinea,2
Puerto Rico,2
Paraguay,2
Slovenia,2
Venezuela,2
Andorra,1
Armenia,1
Angola,1
Azerbaijan,1
Benin,1
Bahamas,1
Cameroon,1
Costa Rica,1
Denmark,1
Estonia,1
Honduras,1
Jamaica,1
Latvia,1
Moldova, Republic of,1
Nigeria,1
Palestinian Territory, Occupied,1
Republic of Serbia,1
Slovakia,1
Uganda,1
Uruguay,1
Kosovo (temporary code),1
